type	file	sector	connection
asteroid_unspecified	maps/xu_ep2_universe/sectors.xml	Cluster_01_Sector001_macro	Zone005_Cluster_01_Sector01_connection_resourceextra_a
asteroid_unspecified	maps/xu_ep2_universe/sectors.xml	Cluster_01_Sector003_macro	Zone003_Cluster_01_Sector003_connection_resourceextra_a
asteroid_unspecified	maps/xu_ep2_universe/sectors.xml	Cluster_03_Sector001_macro	Zone003_Cluster_03_Sector001_connection_resourceextra_a
asteroid_unspecified	maps/xu_ep2_universe/sectors.xml	Cluster_06_Sector001_macro	Zone001_Cluster_06_Sector001_connection_resourceextra_a
asteroid_unspecified	maps/xu_ep2_universe/sectors.xml	Cluster_15_Sector002_macro	Zone001_Cluster_15_Sector002_connection_resourceextra_a
asteroid_unspecified	maps/xu_ep2_universe/sectors.xml	Cluster_18_Sector001_macro	Zone001_Cluster_18_Sector001_connection_resourceextra_a
asteroid_unspecified	maps/xu_ep2_universe/sectors.xml	Cluster_19_Sector001_macro	Zone003_Cluster_19_Sector001_connection_resourceextra_a
asteroid_unspecified	maps/xu_ep2_universe/sectors.xml	Cluster_19_Sector002_macro	Zone001_Cluster_19_Sector002_connection_resourceextra_a
asteroid_unspecified	maps/xu_ep2_universe/sectors.xml	Cluster_21_Sector001_macro	Zone003_Cluster_21_Sector001_connection_resourceextra_a
asteroid_unspecified	maps/xu_ep2_universe/sectors.xml	Cluster_24_Sector001_macro	Zone002_Cluster_24_Sector001_connection_resourceextra_a
asteroid_unspecified	maps/xu_ep2_universe/sectors.xml	Cluster_29_Sector002_macro	Zone001_Cluster_29_Sector002_connection_resourceextra_a
asteroid_unspecified	maps/xu_ep2_universe/sectors.xml	Cluster_46_Sector001_macro	Zone002_Cluster_46_Sector001_connection_resourceextra_a
asteroid_unspecified	maps/xu_ep2_universe/sectors.xml	Cluster_47_Sector001_macro	Zone002_Cluster_47_Sector001_connection_resourceextra_a
asteroid_unspecified	maps/xu_ep2_universe/sectors.xml	Cluster_709_Sector001_macro	Zone004_Cluster_709_Sector001_connection_resourceextra_a
asteroid_unspecified	maps/xu_ep2_universe/sectors.xml	Cluster_710_Sector001_macro	Zone004_Cluster_710_Sector001_connection_resourceextra_a
asteroid_unspecified	maps/xu_ep2_universe/sectors.xml	Cluster_711_Sector001_macro	Zone004_Cluster_711_Sector001_connection_resourceextra_a
asteroid_unspecified	maps/xu_ep2_universe/sectors.xml	Cluster_712_Sector001_macro	Zone004_Cluster_712_Sector001_connection_resourceextra_a
asteroid_unspecified	maps/xu_ep2_universe/sectors.xml	Cluster_713_Sector001_macro	Zone004_Cluster_713_Sector001_connection_resourceextra_a
asteroid_unspecified	maps/xu_ep2_universe/sectors.xml	Cluster_714_Sector001_macro	Zone004_Cluster_714_Sector001_connection_resourceextra_a
asteroid_unspecified	maps/xu_ep2_universe/sectors.xml	Cluster_715_Sector001_macro	Zone004_Cluster_715_Sector001_connection_resourceextra_a
asteroid_unspecified	maps/xu_ep2_universe/sectors.xml	Cluster_720_Sector001_macro	Zone004_Cluster_720_Sector001_connection_resourceextra_a
asteroid_unspecified	maps/xu_ep2_universe/sectors.xml	Cluster_722_Sector001_macro	Zone004_Cluster_722_Sector001_connection_resourceextra_a
asteroid_unspecified	maps/xu_ep2_universe/sectors.xml	Cluster_723_Sector001_macro	Zone004_Cluster_723_Sector001_connection_resourceextra_a
gas_unspecified	maps/xu_ep2_universe/sectors.xml	Cluster_709_Sector001_macro	Zone004_Cluster_709_Sector001_connection_resourceextra_a
gas_unspecified	maps/xu_ep2_universe/sectors.xml	Cluster_710_Sector001_macro	Zone004_Cluster_710_Sector001_connection_resourceextra_a
gas_unspecified	maps/xu_ep2_universe/sectors.xml	Cluster_712_Sector001_macro	Zone004_Cluster_712_Sector001_connection_resourceextra_a
gas_unspecified	maps/xu_ep2_universe/sectors.xml	Cluster_713_Sector001_macro	Zone004_Cluster_713_Sector001_connection_resourceextra_a
gas_unspecified	maps/xu_ep2_universe/sectors.xml	Cluster_714_Sector001_macro	Zone004_Cluster_714_Sector001_connection_resourceextra_a
gas_unspecified	maps/xu_ep2_universe/sectors.xml	Cluster_715_Sector001_macro	Zone004_Cluster_715_Sector001_connection_resourceextra_a
gas_unspecified	maps/xu_ep2_universe/sectors.xml	Cluster_720_Sector001_macro	Zone004_Cluster_720_Sector001_connection_resourceextra_a
gas_unspecified	maps/xu_ep2_universe/sectors.xml	Cluster_721_Sector001_macro	Zone004_Cluster_721_Sector001_connection_resourceextra_a
gas_unspecified	maps/xu_ep2_universe/sectors.xml	Cluster_722_Sector001_macro	Zone004_Cluster_722_Sector001_connection_resourceextra_a
gas_unspecified	maps/xu_ep2_universe/sectors.xml	Cluster_723_Sector001_macro	Zone004_Cluster_723_Sector001_connection_resourceextra_a
gas_unspecified	maps/xu_ep2_universe/sectors.xml	Cluster_724_Sector001_macro	Zone004_Cluster_724_Sector001_connection_resourceextra_a
gas_unspecified	maps/xu_ep2_universe/sectors.xml	Cluster_725_Sector001_macro	Zone004_Cluster_725_Sector001_connection_resourceextra_a
helium	maps/xu_ep2_universe/sectors.xml	Cluster_01_Sector002_macro	Zone002_Cluster_01_Sector002_connection_resourceextra_a
helium	maps/xu_ep2_universe/sectors.xml	Cluster_06_Sector001_macro	Zone001_Cluster_06_Sector001_connection_resourceextra_a
helium	maps/xu_ep2_universe/sectors.xml	Cluster_06_Sector002_macro	Zone001_Cluster_06_Sector002_connection_resourceextra_a
helium	maps/xu_ep2_universe/sectors.xml	Cluster_11_Sector001_macro	Zone001_Cluster_11_Sector001_connection_resourceextra_a
helium	maps/xu_ep2_universe/sectors.xml	Cluster_15_Sector001_macro	Zone001_Cluster_15_Sector001_connection_resourceextra_a
helium	maps/xu_ep2_universe/sectors.xml	Cluster_18_Sector001_macro	Zone001_Cluster_18_Sector001_connection_resourceextra_a
helium	maps/xu_ep2_universe/sectors.xml	Cluster_19_Sector001_macro	Zone003_Cluster_19_Sector001_connection_resourceextra_a
helium	maps/xu_ep2_universe/sectors.xml	Cluster_19_Sector002_macro	Zone001_Cluster_19_Sector002_connection_resourceextra_a
helium	maps/xu_ep2_universe/sectors.xml	Cluster_24_Sector001_macro	Zone002_Cluster_24_Sector001_connection_resourceextra_a
helium	maps/xu_ep2_universe/sectors.xml	Cluster_28_Sector001_macro	Zone004_Cluster_28_Sector001_connection_resourceextra_a
helium	maps/xu_ep2_universe/sectors.xml	Cluster_29_Sector002_macro	Zone001_Cluster_29_Sector002_connection_resourceextra_a
helium	maps/xu_ep2_universe/sectors.xml	Cluster_49_Sector001_macro	Zone001_Cluster_49_Sector001_connection_resourceextra_a
hydrogen	maps/xu_ep2_universe/sectors.xml	Cluster_01_Sector001_macro	Zone005_Cluster_01_Sector01_connection_resourceextra_a
hydrogen	maps/xu_ep2_universe/sectors.xml	Cluster_01_Sector002_macro	Zone002_Cluster_01_Sector002_connection_resourceextra_a
hydrogen	maps/xu_ep2_universe/sectors.xml	Cluster_01_Sector003_macro	Zone003_Cluster_01_Sector003_connection_resourceextra_a
hydrogen	maps/xu_ep2_universe/sectors.xml	Cluster_06_Sector001_macro	Zone001_Cluster_06_Sector001_connection_resourceextra_a
hydrogen	maps/xu_ep2_universe/sectors.xml	Cluster_06_Sector002_macro	Zone001_Cluster_06_Sector002_connection_resourceextra_a
hydrogen	maps/xu_ep2_universe/sectors.xml	Cluster_11_Sector001_macro	Zone001_Cluster_11_Sector001_connection_resourceextra_a
hydrogen	maps/xu_ep2_universe/sectors.xml	Cluster_15_Sector001_macro	Zone001_Cluster_15_Sector001_connection_resourceextra_a
hydrogen	maps/xu_ep2_universe/sectors.xml	Cluster_18_Sector001_macro	Zone001_Cluster_18_Sector001_connection_resourceextra_a
hydrogen	maps/xu_ep2_universe/sectors.xml	Cluster_19_Sector001_macro	Zone003_Cluster_19_Sector001_connection_resourceextra_a
hydrogen	maps/xu_ep2_universe/sectors.xml	Cluster_19_Sector002_macro	Zone001_Cluster_19_Sector002_connection_resourceextra_a
hydrogen	maps/xu_ep2_universe/sectors.xml	Cluster_24_Sector001_macro	Zone002_Cluster_24_Sector001_connection_resourceextra_a
hydrogen	maps/xu_ep2_universe/sectors.xml	Cluster_29_Sector002_macro	Zone001_Cluster_29_Sector002_connection_resourceextra_a
ice	maps/xu_ep2_universe/sectors.xml	Cluster_01_Sector002_macro	Zone002_Cluster_01_Sector002_connection_resourceextra_a
ice	maps/xu_ep2_universe/sectors.xml	Cluster_03_Sector001_macro	Zone003_Cluster_03_Sector001_connection_resourceextra_a
ice	maps/xu_ep2_universe/sectors.xml	Cluster_11_Sector001_macro	Zone001_Cluster_11_Sector001_connection_resourceextra_a
ice	maps/xu_ep2_universe/sectors.xml	Cluster_15_Sector001_macro	Zone001_Cluster_15_Sector001_connection_resourceextra_a
ice	maps/xu_ep2_universe/sectors.xml	Cluster_15_Sector002_macro	Zone001_Cluster_15_Sector002_connection_resourceextra_a
ice	maps/xu_ep2_universe/sectors.xml	Cluster_18_Sector001_macro	Zone001_Cluster_18_Sector001_connection_resourceextra_a
ice	maps/xu_ep2_universe/sectors.xml	Cluster_24_Sector001_macro	Zone002_Cluster_24_Sector001_connection_resourceextra_a
ice	maps/xu_ep2_universe/sectors.xml	Cluster_29_Sector002_macro	Zone001_Cluster_29_Sector002_connection_resourceextra_a
methane	maps/xu_ep2_universe/sectors.xml	Cluster_01_Sector002_macro	Zone002_Cluster_01_Sector002_connection_resourceextra_a
methane	maps/xu_ep2_universe/sectors.xml	Cluster_06_Sector001_macro	Zone001_Cluster_06_Sector001_connection_resourceextra_a
methane	maps/xu_ep2_universe/sectors.xml	Cluster_06_Sector002_macro	Zone001_Cluster_06_Sector002_connection_resourceextra_a
methane	maps/xu_ep2_universe/sectors.xml	Cluster_11_Sector001_macro	Zone001_Cluster_11_Sector001_connection_resourceextra_a
methane	maps/xu_ep2_universe/sectors.xml	Cluster_15_Sector001_macro	Zone001_Cluster_15_Sector001_connection_resourceextra_a
methane	maps/xu_ep2_universe/sectors.xml	Cluster_18_Sector001_macro	Zone001_Cluster_18_Sector001_connection_resourceextra_a
methane	maps/xu_ep2_universe/sectors.xml	Cluster_19_Sector001_macro	Zone003_Cluster_19_Sector001_connection_resourceextra_a
methane	maps/xu_ep2_universe/sectors.xml	Cluster_19_Sector002_macro	Zone001_Cluster_19_Sector002_connection_resourceextra_a
methane	maps/xu_ep2_universe/sectors.xml	Cluster_24_Sector001_macro	Zone002_Cluster_24_Sector001_connection_resourceextra_a
methane	maps/xu_ep2_universe/sectors.xml	Cluster_29_Sector002_macro	Zone001_Cluster_29_Sector002_connection_resourceextra_a
methane	maps/xu_ep2_universe/sectors.xml	Cluster_49_Sector001_macro	Zone001_Cluster_49_Sector001_connection_resourceextra_a
nividium	maps/xu_ep2_universe/sectors.xml	Cluster_04_Sector001_macro	Zone001_Cluster_04_Sector001_connection_resourceextra_a
no_resource_profile	maps/xu_ep2_universe/sectors.xml	Cluster_02_Sector001_macro	Zone001_Cluster_02_Sector001_connection_resourceextra_a
no_resource_profile	maps/xu_ep2_universe/sectors.xml	Cluster_02_Sector001_macro	Zone001_Cluster_02_Sector001_connection_resourceextra_b
no_resource_profile	maps/xu_ep2_universe/sectors.xml	Cluster_04_Sector002_macro	Zone001_Cluster_04_Sector002_connection_resourceextra_a
no_resource_profile	maps/xu_ep2_universe/sectors.xml	Cluster_04_Sector002_macro	Zone001_Cluster_04_Sector002_connection_resourceextra_b
no_resource_profile	maps/xu_ep2_universe/sectors.xml	Cluster_05_Sector001_macro	Zone001_Cluster_05_Sector001_connection_resourceextra_a
no_resource_profile	maps/xu_ep2_universe/sectors.xml	Cluster_05_Sector001_macro	Zone001_Cluster_05_Sector001_connection_resourceextra_b
no_resource_profile	maps/xu_ep2_universe/sectors.xml	Cluster_07_Sector001_macro	Zone002_Cluster_07_Sector001_connection_resourceextra_a
no_resource_profile	maps/xu_ep2_universe/sectors.xml	Cluster_07_Sector001_macro	Zone002_Cluster_07_Sector001_connection_resourceextra_b
no_resource_profile	maps/xu_ep2_universe/sectors.xml	Cluster_08_Sector001_macro	Zone001_Cluster_08_Sector001_connection_resourceextra_a
no_resource_profile	maps/xu_ep2_universe/sectors.xml	Cluster_08_Sector001_macro	Zone001_Cluster_08_Sector001_connection_resourceextra_b
no_resource_profile	maps/xu_ep2_universe/sectors.xml	Cluster_09_Sector001_macro	Zone001_Cluster_09_Sector001_connection_resourceextra_a
no_resource_profile	maps/xu_ep2_universe/sectors.xml	Cluster_09_Sector001_macro	Zone001_Cluster_09_Sector001_connection_resourceextra_b
no_resource_profile	extensions/ego_dlc_terran/maps/xu_ep2_universe/dlc_terran_sectors.xml	Cluster_100_Sector001_macro	Zone003_Cluster_100_Sector001_connection_resourceextra_a
no_resource_profile	extensions/ego_dlc_terran/maps/xu_ep2_universe/dlc_terran_sectors.xml	Cluster_100_Sector001_macro	Zone003_Cluster_100_Sector001_connection_resourceextra_b
no_resource_profile	extensions/ego_dlc_terran/maps/xu_ep2_universe/dlc_terran_sectors.xml	Cluster_101_Sector001_macro	Zone002_Cluster_101_Sector001_connection_resourceextra_a
no_resource_profile	extensions/ego_dlc_terran/maps/xu_ep2_universe/dlc_terran_sectors.xml	Cluster_101_Sector001_macro	Zone002_Cluster_101_Sector001_connection_resourceextra_b
no_resource_profile	extensions/ego_dlc_terran/maps/xu_ep2_universe/dlc_terran_sectors.xml	Cluster_102_Sector001_macro	Zone004_Cluster_102_Sector001_connection_resourceextra_a
no_resource_profile	extensions/ego_dlc_terran/maps/xu_ep2_universe/dlc_terran_sectors.xml	Cluster_102_Sector001_macro	Zone004_Cluster_102_Sector001_connection_resourceextra_b
no_resource_profile	extensions/ego_dlc_terran/maps/xu_ep2_universe/dlc_terran_sectors.xml	Cluster_104_Sector001_macro	Zone001_Cluster_104_Sector001_connection_resourceextra_a
no_resource_profile	extensions/ego_dlc_terran/maps/xu_ep2_universe/dlc_terran_sectors.xml	Cluster_104_Sector001_macro	Zone001_Cluster_104_Sector001_connection_resourceextra_b
no_resource_profile	extensions/ego_dlc_terran/maps/xu_ep2_universe/dlc_terran_sectors.xml	Cluster_104_Sector002_macro	Zone005_Cluster_104_Sector002_connection_resourceextra_a
no_resource_profile	extensions/ego_dlc_terran/maps/xu_ep2_universe/dlc_terran_sectors.xml	Cluster_104_Sector002_macro	Zone005_Cluster_104_Sector002_connection_resourceextra_b
no_resource_profile	extensions/ego_dlc_terran/maps/xu_ep2_universe/dlc_terran_sectors.xml	Cluster_106_Sector001_macro	Zone002_Cluster_106_Sector001_connection_resourceextra_a
no_resource_profile	extensions/ego_dlc_terran/maps/xu_ep2_universe/dlc_terran_sectors.xml	Cluster_106_Sector001_macro	Zone002_Cluster_106_Sector001_connection_resourceextra_b
no_resource_profile	extensions/ego_dlc_terran/maps/xu_ep2_universe/dlc_terran_sectors.xml	Cluster_107_Sector001_macro	Zone003_Cluster_107_Sector001_connection_resourceextra_a
no_resource_profile	extensions/ego_dlc_terran/maps/xu_ep2_universe/dlc_terran_sectors.xml	Cluster_107_Sector001_macro	Zone003_Cluster_107_Sector001_connection_resourceextra_b
no_resource_profile	extensions/ego_dlc_terran/maps/xu_ep2_universe/dlc_terran_sectors.xml	Cluster_108_Sector001_macro	Zone004_Cluster_108_Sector001_connection_resourceextra_a
no_resource_profile	extensions/ego_dlc_terran/maps/xu_ep2_universe/dlc_terran_sectors.xml	Cluster_108_Sector001_macro	Zone004_Cluster_108_Sector001_connection_resourceextra_b
no_resource_profile	extensions/ego_dlc_terran/maps/xu_ep2_universe/dlc_terran_sectors.xml	Cluster_108_Sector002_macro	Zone004_Cluster_108_Sector002_connection_resourceextra_a
no_resource_profile	extensions/ego_dlc_terran/maps/xu_ep2_universe/dlc_terran_sectors.xml	Cluster_108_Sector002_macro	Zone004_Cluster_108_Sector002_connection_resourceextra_b
no_resource_profile	extensions/ego_dlc_terran/maps/xu_ep2_universe/dlc_terran_sectors.xml	Cluster_108_Sector003_macro	Zone004_Cluster_108_Sector003_connection_resourceextra_a
no_resource_profile	extensions/ego_dlc_terran/maps/xu_ep2_universe/dlc_terran_sectors.xml	Cluster_108_Sector003_macro	Zone004_Cluster_108_Sector003_connection_resourceextra_b
no_resource_profile	extensions/ego_dlc_terran/maps/xu_ep2_universe/dlc_terran_sectors.xml	Cluster_109_Sector001_macro	Zone003_Cluster_109_Sector001_connection_resourceextra_a
no_resource_profile	extensions/ego_dlc_terran/maps/xu_ep2_universe/dlc_terran_sectors.xml	Cluster_109_Sector001_macro	Zone003_Cluster_109_Sector001_connection_resourceextra_b
no_resource_profile	maps/xu_ep2_universe/sectors.xml	Cluster_10_Sector001_macro	Zone001_Cluster_10_Sector001_connection_resourceextra_a
no_resource_profile	maps/xu_ep2_universe/sectors.xml	Cluster_10_Sector001_macro	Zone001_Cluster_10_Sector001_connection_resourceextra_b
no_resource_profile	extensions/ego_dlc_terran/maps/xu_ep2_universe/dlc_terran_sectors.xml	Cluster_110_Sector001_macro	Zone002_Cluster_110_Sector001_connection_resourceextra_a
no_resource_profile	extensions/ego_dlc_terran/maps/xu_ep2_universe/dlc_terran_sectors.xml	Cluster_110_Sector001_macro	Zone002_Cluster_110_Sector001_connection_resourceextra_b
no_resource_profile	extensions/ego_dlc_terran/maps/xu_ep2_universe/dlc_terran_sectors.xml	Cluster_111_Sector001_macro	Zone001_Cluster_111_Sector001_connection_resourceextra_a
no_resource_profile	extensions/ego_dlc_terran/maps/xu_ep2_universe/dlc_terran_sectors.xml	Cluster_111_Sector001_macro	Zone001_Cluster_111_Sector001_connection_resourceextra_b
no_resource_profile	extensions/ego_dlc_terran/maps/xu_ep2_universe/dlc_terran_sectors.xml	Cluster_112_Sector001_macro	Zone003_Cluster_112_Sector001_connection_resourceextra_a
no_resource_profile	extensions/ego_dlc_terran/maps/xu_ep2_universe/dlc_terran_sectors.xml	Cluster_112_Sector001_macro	Zone003_Cluster_112_Sector001_connection_resourceextra_b
no_resource_profile	extensions/ego_dlc_terran/maps/xu_ep2_universe/dlc_terran_sectors.xml	Cluster_112_Sector002_macro	Zone001_Cluster_112_Sector002_connection_resourceextra_a
no_resource_profile	extensions/ego_dlc_terran/maps/xu_ep2_universe/dlc_terran_sectors.xml	Cluster_112_Sector002_macro	Zone001_Cluster_112_Sector002_connection_resourceextra_b
no_resource_profile	extensions/ego_dlc_terran/maps/xu_ep2_universe/dlc_terran_sectors.xml	Cluster_114_Sector001_macro	Zone001_Cluster_114_Sector001_connection_resourceextra_a
no_resource_profile	extensions/ego_dlc_terran/maps/xu_ep2_universe/dlc_terran_sectors.xml	Cluster_114_Sector001_macro	Zone001_Cluster_114_Sector001_connection_resourceextra_b
no_resource_profile	extensions/ego_dlc_terran/maps/xu_ep2_universe/dlc_terran_sectors.xml	Cluster_115_Sector001_macro	Zone003_Cluster_115_Sector001_connection_resourceextra_a
no_resource_profile	extensions/ego_dlc_terran/maps/xu_ep2_universe/dlc_terran_sectors.xml	Cluster_115_Sector001_macro	Zone003_Cluster_115_Sector001_connection_resourceextra_b
no_resource_profile	extensions/ego_dlc_terran/maps/xu_ep2_universe/dlc_terran_sectors.xml	Cluster_116_Sector001_macro	Zone002_Cluster_116_Sector001_connection_resourceextra_a
no_resource_profile	extensions/ego_dlc_terran/maps/xu_ep2_universe/dlc_terran_sectors.xml	Cluster_116_Sector001_macro	Zone002_Cluster_116_Sector001_connection_resourceextra_b
no_resource_profile	maps/xu_ep2_universe/sectors.xml	Cluster_12_Sector001_macro	Zone002_Cluster_12_Sector001_connection_resourceextra_a
no_resource_profile	maps/xu_ep2_universe/sectors.xml	Cluster_12_Sector001_macro	Zone002_Cluster_12_Sector001_connection_resourceextra_b
no_resource_profile	maps/xu_ep2_universe/sectors.xml	Cluster_14_Sector001_macro	Zone001_Cluster_14_Sector001_connection_resourceextra_a
no_resource_profile	maps/xu_ep2_universe/sectors.xml	Cluster_14_Sector001_macro	Zone001_Cluster_14_Sector001_connection_resourceextra_b
no_resource_profile	maps/xu_ep2_universe/sectors.xml	Cluster_16_Sector001_macro	Zone004_Cluster_16_Sector001_connection_resourceextra_a
no_resource_profile	maps/xu_ep2_universe/sectors.xml	Cluster_16_Sector001_macro	Zone004_Cluster_16_Sector001_connection_resourceextra_b
no_resource_profile	maps/xu_ep2_universe/sectors.xml	Cluster_17_Sector001_macro	Zone003_Cluster_17_Sector001_connection_resourceextra_a
no_resource_profile	maps/xu_ep2_universe/sectors.xml	Cluster_17_Sector001_macro	Zone003_Cluster_17_Sector001_connection_resourceextra_b
no_resource_profile	maps/xu_ep2_universe/sectors.xml	Cluster_20_Sector001_macro	Zone005_Cluster_20_Sector001_connection_resourceextra_a
no_resource_profile	maps/xu_ep2_universe/sectors.xml	Cluster_20_Sector001_macro	Zone005_Cluster_20_Sector001_connection_resourceextra_b
no_resource_profile	maps/xu_ep2_universe/sectors.xml	Cluster_21_Sector002_macro	Zone001_Cluster_21_Sector002_connection_resourceextra_a
no_resource_profile	maps/xu_ep2_universe/sectors.xml	Cluster_21_Sector002_macro	Zone001_Cluster_21_Sector002_connection_resourceextra_b
no_resource_profile	maps/xu_ep2_universe/sectors.xml	Cluster_22_Sector001_macro	Zone002_Cluster_22_Sector001_connection_resourceextra_a
no_resource_profile	maps/xu_ep2_universe/sectors.xml	Cluster_22_Sector001_macro	Zone002_Cluster_22_Sector001_connection_resourceextra_b
no_resource_profile	maps/xu_ep2_universe/sectors.xml	Cluster_23_Sector001_macro	Zone002_Cluster_23_Sector001_connection_resourceextra_a
no_resource_profile	maps/xu_ep2_universe/sectors.xml	Cluster_23_Sector001_macro	Zone002_Cluster_23_Sector001_connection_resourceextra_b
no_resource_profile	maps/xu_ep2_universe/sectors.xml	Cluster_25_Sector001_macro	Zone003_Cluster_25_Sector001_connection_resourceextra_a
no_resource_profile	maps/xu_ep2_universe/sectors.xml	Cluster_25_Sector001_macro	Zone003_Cluster_25_Sector001_connection_resourceextra_b
no_resource_profile	maps/xu_ep2_universe/sectors.xml	Cluster_25_Sector002_macro	Zone003_Cluster_25_Sector002_connection_resourceextra_a
no_resource_profile	maps/xu_ep2_universe/sectors.xml	Cluster_25_Sector002_macro	Zone003_Cluster_25_Sector002_connection_resourceextra_b
no_resource_profile	maps/xu_ep2_universe/sectors.xml	Cluster_26_Sector001_macro	Zone004_Cluster_26_Sector001_connection_resourceextra_a
no_resource_profile	maps/xu_ep2_universe/sectors.xml	Cluster_26_Sector001_macro	Zone004_Cluster_26_Sector001_connection_resourceextra_b
no_resource_profile	maps/xu_ep2_universe/sectors.xml	Cluster_26_Sector002_macro	Zone004_Cluster_26_Sector002_connection_resourceextra_a
no_resource_profile	maps/xu_ep2_universe/sectors.xml	Cluster_26_Sector002_macro	Zone004_Cluster_26_Sector002_connection_resourceextra_b
no_resource_profile	maps/xu_ep2_universe/sectors.xml	Cluster_29_Sector001_macro	Zone001_Cluster_29_Sector001_connection_resourceextra_a
no_resource_profile	maps/xu_ep2_universe/sectors.xml	Cluster_29_Sector001_macro	Zone001_Cluster_29_Sector001_connection_resourceextra_b
no_resource_profile	maps/xu_ep2_universe/sectors.xml	Cluster_30_Sector001_macro	Zone002_Cluster_30_Sector001_connection_resourceextra_a
no_resource_profile	maps/xu_ep2_universe/sectors.xml	Cluster_30_Sector001_macro	Zone002_Cluster_30_Sector001_connection_resourceextra_b
no_resource_profile	maps/xu_ep2_universe/sectors.xml	Cluster_31_Sector001_macro	Zone002_Cluster_31_Sector001_connection_resourceextra_a
no_resource_profile	maps/xu_ep2_universe/sectors.xml	Cluster_31_Sector001_macro	Zone002_Cluster_31_Sector001_connection_resourceextra_b
no_resource_profile	maps/xu_ep2_universe/sectors.xml	Cluster_32_Sector001_macro	Zone002_Cluster_32_Sector001_connection_resourceextra_a
no_resource_profile	maps/xu_ep2_universe/sectors.xml	Cluster_32_Sector001_macro	Zone002_Cluster_32_Sector001_connection_resourceextra_b
no_resource_profile	maps/xu_ep2_universe/sectors.xml	Cluster_32_Sector002_macro	Zone001_Cluster_32_Sector002_connection_resourceextra_a
no_resource_profile	maps/xu_ep2_universe/sectors.xml	Cluster_32_Sector002_macro	Zone001_Cluster_32_Sector002_connection_resourceextra_b
no_resource_profile	maps/xu_ep2_universe/sectors.xml	Cluster_33_Sector001_macro	Zone004_Cluster_33_Sector001_connection_resourceextra_a
no_resource_profile	maps/xu_ep2_universe/sectors.xml	Cluster_33_Sector001_macro	Zone004_Cluster_33_Sector001_connection_resourceextra_b
no_resource_profile	maps/xu_ep2_universe/sectors.xml	Cluster_34_Sector001_macro	Zone001_Cluster_34_Sector001_connection_resourceextra_a
no_resource_profile	maps/xu_ep2_universe/sectors.xml	Cluster_34_Sector001_macro	Zone001_Cluster_34_Sector001_connection_resourceextra_b
no_resource_profile	maps/xu_ep2_universe/sectors.xml	Cluster_35_Sector001_macro	Zone002_Cluster_35_Sector001_connection_resourceextra_a
no_resource_profile	maps/xu_ep2_universe/sectors.xml	Cluster_35_Sector001_macro	Zone002_Cluster_35_Sector001_connection_resourceextra_b
no_resource_profile	maps/xu_ep2_universe/sectors.xml	Cluster_36_Sector001_macro	Zone002_Cluster_36_Sector001_connection_resourceextra_a
no_resource_profile	maps/xu_ep2_universe/sectors.xml	Cluster_36_Sector001_macro	Zone002_Cluster_36_Sector001_connection_resourceextra_b
no_resource_profile	maps/xu_ep2_universe/sectors.xml	Cluster_37_Sector001_macro	Zone002_Cluster_37_Sector001_connection_resourceextra_a
no_resource_profile	maps/xu_ep2_universe/sectors.xml	Cluster_37_Sector001_macro	Zone002_Cluster_37_Sector001_connection_resourceextra_b
no_resource_profile	maps/xu_ep2_universe/sectors.xml	Cluster_38_Sector001_macro	Zone002_Cluster_38_Sector001_connection_resourceextra_a
no_resource_profile	maps/xu_ep2_universe/sectors.xml	Cluster_38_Sector001_macro	Zone002_Cluster_38_Sector001_connection_resourceextra_b
no_resource_profile	maps/xu_ep2_universe/sectors.xml	Cluster_39_Sector001_macro	Zone002_Cluster_39_Sector001_connection_resourceextra_a
no_resource_profile	maps/xu_ep2_universe/sectors.xml	Cluster_39_Sector001_macro	Zone002_Cluster_39_Sector001_connection_resourceextra_b
no_resource_profile	extensions/ego_dlc_split/maps/xu_ep2_universe/dlc4_sectors.xml	Cluster_400_Sector001_macro	Zone003_Cluster_400_Sector001_connection_resourceextra_a
no_resource_profile	extensions/ego_dlc_split/maps/xu_ep2_universe/dlc4_sectors.xml	Cluster_400_Sector001_macro	Zone003_Cluster_400_Sector001_connection_resourceextra_b
no_resource_profile	extensions/ego_dlc_split/maps/xu_ep2_universe/dlc4_sectors.xml	Cluster_401_Sector001_macro	Zone003_Cluster_401_Sector001_connection_resourceextra_a
no_resource_profile	extensions/ego_dlc_split/maps/xu_ep2_universe/dlc4_sectors.xml	Cluster_401_Sector001_macro	Zone003_Cluster_401_Sector001_connection_resourceextra_b
no_resource_profile	extensions/ego_dlc_split/maps/xu_ep2_universe/dlc4_sectors.xml	Cluster_402_Sector001_macro	Zone003_Cluster_402_Sector001_connection_resourceextra_a
no_resource_profile	extensions/ego_dlc_split/maps/xu_ep2_universe/dlc4_sectors.xml	Cluster_402_Sector001_macro	Zone003_Cluster_402_Sector001_connection_resourceextra_b
no_resource_profile	extensions/ego_dlc_split/maps/xu_ep2_universe/dlc4_sectors.xml	Cluster_403_Sector001_macro	Zone001_Cluster_403_Sector001_connection_resourceextra_a
no_resource_profile	extensions/ego_dlc_split/maps/xu_ep2_universe/dlc4_sectors.xml	Cluster_403_Sector001_macro	Zone001_Cluster_403_Sector001_connection_resourceextra_b
no_resource_profile	extensions/ego_dlc_split/maps/xu_ep2_universe/dlc4_sectors.xml	Cluster_404_Sector001_macro	Zone003_Cluster_404_Sector001_connection_resourceextra_a
no_resource_profile	extensions/ego_dlc_split/maps/xu_ep2_universe/dlc4_sectors.xml	Cluster_404_Sector001_macro	Zone003_Cluster_404_Sector001_connection_resourceextra_b
no_resource_profile	extensions/ego_dlc_split/maps/xu_ep2_universe/dlc4_sectors.xml	Cluster_405_Sector001_macro	Zone003_Cluster_405_Sector001_connection_resourceextra_a
no_resource_profile	extensions/ego_dlc_split/maps/xu_ep2_universe/dlc4_sectors.xml	Cluster_405_Sector001_macro	Zone003_Cluster_405_Sector001_connection_resourceextra_b
no_resource_profile	extensions/ego_dlc_split/maps/xu_ep2_universe/dlc4_sectors.xml	Cluster_406_Sector001_macro	Zone003_Cluster_406_Sector001_connection_resourceextra_a
no_resource_profile	extensions/ego_dlc_split/maps/xu_ep2_universe/dlc4_sectors.xml	Cluster_406_Sector001_macro	Zone003_Cluster_406_Sector001_connection_resourceextra_b
no_resource_profile	extensions/ego_dlc_split/maps/xu_ep2_universe/dlc4_sectors.xml	Cluster_407_Sector001_macro	Zone003_Cluster_407_Sector001_connection_resourceextra_a
no_resource_profile	extensions/ego_dlc_split/maps/xu_ep2_universe/dlc4_sectors.xml	Cluster_407_Sector001_macro	Zone003_Cluster_407_Sector001_connection_resourceextra_b
no_resource_profile	extensions/ego_dlc_split/maps/xu_ep2_universe/dlc4_sectors.xml	Cluster_408_Sector001_macro	Zone003_Cluster_408_Sector001_connection_resourceextra_a
no_resource_profile	extensions/ego_dlc_split/maps/xu_ep2_universe/dlc4_sectors.xml	Cluster_408_Sector001_macro	Zone003_Cluster_408_Sector001_connection_resourceextra_b
no_resource_profile	extensions/ego_dlc_split/maps/xu_ep2_universe/dlc4_sectors.xml	Cluster_408_Sector002_macro	Zone004_Cluster_408_Sector002_connection_resourceextra_a
no_resource_profile	extensions/ego_dlc_split/maps/xu_ep2_universe/dlc4_sectors.xml	Cluster_408_Sector002_macro	Zone004_Cluster_408_Sector002_connection_resourceextra_b
no_resource_profile	extensions/ego_dlc_split/maps/xu_ep2_universe/dlc4_sectors.xml	Cluster_409_Sector001_macro	Zone003_Cluster_409_Sector001_connection_resourceextra_a
no_resource_profile	extensions/ego_dlc_split/maps/xu_ep2_universe/dlc4_sectors.xml	Cluster_409_Sector001_macro	Zone003_Cluster_409_Sector001_connection_resourceextra_b
no_resource_profile	maps/xu_ep2_universe/sectors.xml	Cluster_40_Sector001_macro	Zone002_Cluster_40_Sector001_connection_resourceextra_a
no_resource_profile	maps/xu_ep2_universe/sectors.xml	Cluster_40_Sector001_macro	Zone002_Cluster_40_Sector001_connection_resourceextra_b
no_resource_profile	extensions/ego_dlc_split/maps/xu_ep2_universe/dlc4_sectors.xml	Cluster_410_Sector001_macro	Zone003_Cluster_410_Sector001_connection_resourceextra_a
no_resource_profile	extensions/ego_dlc_split/maps/xu_ep2_universe/dlc4_sectors.xml	Cluster_410_Sector001_macro	Zone003_Cluster_410_Sector001_connection_resourceextra_b
no_resource_profile	extensions/ego_dlc_split/maps/xu_ep2_universe/dlc4_sectors.xml	Cluster_411_Sector001_macro	Zone003_Cluster_411_Sector001_connection_resourceextra_a
no_resource_profile	extensions/ego_dlc_split/maps/xu_ep2_universe/dlc4_sectors.xml	Cluster_411_Sector001_macro	Zone003_Cluster_411_Sector001_connection_resourceextra_b
no_resource_profile	extensions/ego_dlc_split/maps/xu_ep2_universe/dlc4_sectors.xml	Cluster_412_Sector001_macro	Zone003_Cluster_412_Sector001_connection_resourceextra_a
no_resource_profile	extensions/ego_dlc_split/maps/xu_ep2_universe/dlc4_sectors.xml	Cluster_412_Sector001_macro	Zone003_Cluster_412_Sector001_connection_resourceextra_b
no_resource_profile	extensions/ego_dlc_split/maps/xu_ep2_universe/dlc4_sectors.xml	Cluster_413_Sector001_macro	Zone003_Cluster_413_Sector001_connection_resourceextra_a
no_resource_profile	extensions/ego_dlc_split/maps/xu_ep2_universe/dlc4_sectors.xml	Cluster_413_Sector001_macro	Zone003_Cluster_413_Sector001_connection_resourceextra_b
no_resource_profile	extensions/ego_dlc_split/maps/xu_ep2_universe/dlc4_sectors.xml	Cluster_414_Sector001_macro	Zone003_Cluster_414_Sector001_connection_resourceextra_a
no_resource_profile	extensions/ego_dlc_split/maps/xu_ep2_universe/dlc4_sectors.xml	Cluster_414_Sector001_macro	Zone003_Cluster_414_Sector001_connection_resourceextra_b
no_resource_profile	extensions/ego_dlc_split/maps/xu_ep2_universe/dlc4_sectors.xml	Cluster_415_Sector001_macro	Zone003_Cluster_415_Sector001_connection_resourceextra_a
no_resource_profile	extensions/ego_dlc_split/maps/xu_ep2_universe/dlc4_sectors.xml	Cluster_415_Sector001_macro	Zone003_Cluster_415_Sector001_connection_resourceextra_b
no_resource_profile	extensions/ego_dlc_split/maps/xu_ep2_universe/dlc4_sectors.xml	Cluster_416_Sector001_macro	Zone003_Cluster_416_Sector001_connection_resourceextra_a
no_resource_profile	extensions/ego_dlc_split/maps/xu_ep2_universe/dlc4_sectors.xml	Cluster_416_Sector001_macro	Zone003_Cluster_416_Sector001_connection_resourceextra_b
no_resource_profile	extensions/ego_dlc_split/maps/xu_ep2_universe/dlc4_sectors.xml	Cluster_416_Sector002_macro	Zone006_Cluster_416_Sector002_connection_resourceextra_a
no_resource_profile	extensions/ego_dlc_split/maps/xu_ep2_universe/dlc4_sectors.xml	Cluster_416_Sector002_macro	Zone006_Cluster_416_Sector002_connection_resourceextra_b
no_resource_profile	extensions/ego_dlc_split/maps/xu_ep2_universe/dlc4_sectors.xml	Cluster_417_Sector001_macro	Zone003_Cluster_417_Sector001_connection_resourceextra_a
no_resource_profile	extensions/ego_dlc_split/maps/xu_ep2_universe/dlc4_sectors.xml	Cluster_417_Sector001_macro	Zone003_Cluster_417_Sector001_connection_resourceextra_b
no_resource_profile	extensions/ego_dlc_split/maps/xu_ep2_universe/dlc4_sectors.xml	Cluster_418_Sector001_macro	Zone003_Cluster_418_Sector001_connection_resourceextra_a
no_resource_profile	extensions/ego_dlc_split/maps/xu_ep2_universe/dlc4_sectors.xml	Cluster_418_Sector001_macro	Zone003_Cluster_418_Sector001_connection_resourceextra_b
no_resource_profile	extensions/ego_dlc_split/maps/xu_ep2_universe/dlc4_sectors.xml	Cluster_419_Sector001_macro	Zone003_Cluster_419_Sector001_connection_resourceextra_a
no_resource_profile	extensions/ego_dlc_split/maps/xu_ep2_universe/dlc4_sectors.xml	Cluster_419_Sector001_macro	Zone003_Cluster_419_Sector001_connection_resourceextra_b
no_resource_profile	maps/xu_ep2_universe/sectors.xml	Cluster_41_Sector001_macro	Zone002_Cluster_41_Sector001_connection_resourceextra_a
no_resource_profile	maps/xu_ep2_universe/sectors.xml	Cluster_41_Sector001_macro	Zone002_Cluster_41_Sector001_connection_resourceextra_b
no_resource_profile	extensions/ego_dlc_split/maps/xu_ep2_universe/dlc4_sectors.xml	Cluster_420_Sector001_macro	Zone003_Cluster_420_Sector001_connection_resourceextra_a
no_resource_profile	extensions/ego_dlc_split/maps/xu_ep2_universe/dlc4_sectors.xml	Cluster_420_Sector001_macro	Zone003_Cluster_420_Sector001_connection_resourceextra_b
no_resource_profile	extensions/ego_dlc_split/maps/xu_ep2_universe/dlc4_sectors.xml	Cluster_421_Sector001_macro	Zone003_Cluster_421_Sector001_connection_resourceextra_a
no_resource_profile	extensions/ego_dlc_split/maps/xu_ep2_universe/dlc4_sectors.xml	Cluster_421_Sector001_macro	Zone003_Cluster_421_Sector001_connection_resourceextra_b
no_resource_profile	extensions/ego_dlc_split/maps/xu_ep2_universe/dlc4_sectors.xml	Cluster_422_Sector001_macro	Zone003_Cluster_422_Sector001_connection_resourceextra_a
no_resource_profile	extensions/ego_dlc_split/maps/xu_ep2_universe/dlc4_sectors.xml	Cluster_422_Sector001_macro	Zone003_Cluster_422_Sector001_connection_resourceextra_b
no_resource_profile	extensions/ego_dlc_split/maps/xu_ep2_universe/dlc4_sectors.xml	Cluster_423_Sector001_macro	Zone003_Cluster_423_Sector001_connection_resourceextra_a
no_resource_profile	extensions/ego_dlc_split/maps/xu_ep2_universe/dlc4_sectors.xml	Cluster_423_Sector001_macro	Zone003_Cluster_423_Sector001_connection_resourceextra_b
no_resource_profile	extensions/ego_dlc_split/maps/xu_ep2_universe/dlc4_sectors.xml	Cluster_423_Sector002_macro	Zone001_Cluster_423_Sector002_connection_resourceextra_a
no_resource_profile	extensions/ego_dlc_split/maps/xu_ep2_universe/dlc4_sectors.xml	Cluster_423_Sector002_macro	Zone001_Cluster_423_Sector002_connection_resourceextra_b
no_resource_profile	extensions/ego_dlc_split/maps/xu_ep2_universe/dlc4_sectors.xml	Cluster_424_Sector001_macro	Zone003_Cluster_424_Sector001_connection_resourceextra_a
no_resource_profile	extensions/ego_dlc_split/maps/xu_ep2_universe/dlc4_sectors.xml	Cluster_424_Sector001_macro	Zone003_Cluster_424_Sector001_connection_resourceextra_b
no_resource_profile	extensions/ego_dlc_split/maps/xu_ep2_universe/dlc4_sectors.xml	Cluster_424_Sector002_macro	Zone004_Cluster_424_Sector002_connection_resourceextra_a
no_resource_profile	extensions/ego_dlc_split/maps/xu_ep2_universe/dlc4_sectors.xml	Cluster_424_Sector002_macro	Zone004_Cluster_424_Sector002_connection_resourceextra_b
no_resource_profile	extensions/ego_dlc_split/maps/xu_ep2_universe/dlc4_sectors.xml	Cluster_425_Sector001_macro	Zone001_Cluster_425_Sector001_connection_resourceextra_a
no_resource_profile	extensions/ego_dlc_split/maps/xu_ep2_universe/dlc4_sectors.xml	Cluster_425_Sector001_macro	Zone001_Cluster_425_Sector001_connection_resourceextra_b
no_resource_profile	maps/xu_ep2_universe/sectors.xml	Cluster_42_Sector001_macro	Zone002_Cluster_42_Sector001_connection_resourceextra_a
no_resource_profile	maps/xu_ep2_universe/sectors.xml	Cluster_42_Sector001_macro	Zone002_Cluster_42_Sector001_connection_resourceextra_b
no_resource_profile	maps/xu_ep2_universe/sectors.xml	Cluster_42_Sector002_macro	Zone002_Cluster_42_Sector002_connection_resourceextra_a
no_resource_profile	maps/xu_ep2_universe/sectors.xml	Cluster_42_Sector002_macro	Zone002_Cluster_42_Sector002_connection_resourceextra_b
no_resource_profile	maps/xu_ep2_universe/sectors.xml	Cluster_43_Sector001_macro	Zone002_Cluster_43_Sector001_connection_resourceextra_a
no_resource_profile	maps/xu_ep2_universe/sectors.xml	Cluster_43_Sector001_macro	Zone002_Cluster_43_Sector001_connection_resourceextra_b
no_resource_profile	maps/xu_ep2_universe/sectors.xml	Cluster_44_Sector001_macro	Zone002_Cluster_44_Sector001_connection_resourceextra_a
no_resource_profile	maps/xu_ep2_universe/sectors.xml	Cluster_44_Sector001_macro	Zone002_Cluster_44_Sector001_connection_resourceextra_b
no_resource_profile	maps/xu_ep2_universe/sectors.xml	Cluster_45_Sector001_macro	Zone002_Cluster_45_Sector001_connection_resourceextra_a
no_resource_profile	maps/xu_ep2_universe/sectors.xml	Cluster_45_Sector001_macro	Zone002_Cluster_45_Sector001_connection_resourceextra_b
no_resource_profile	maps/xu_ep2_universe/sectors.xml	Cluster_48_Sector001_macro	Zone003_Cluster_48_Sector001_connection_resourceextra_a
no_resource_profile	maps/xu_ep2_universe/sectors.xml	Cluster_48_Sector001_macro	Zone003_Cluster_48_Sector001_connection_resourceextra_b
no_resource_profile	extensions/ego_dlc_pirate/maps/xu_ep2_universe/dlc_pirate_sectors.xml	Cluster_501_Sector001_macro	Zone002_Cluster_501_Sector001_connection_resourceextra_a
no_resource_profile	extensions/ego_dlc_pirate/maps/xu_ep2_universe/dlc_pirate_sectors.xml	Cluster_501_Sector001_macro	Zone002_Cluster_501_Sector001_connection_resourceextra_b
no_resource_profile	extensions/ego_dlc_pirate/maps/xu_ep2_universe/dlc_pirate_sectors.xml	Cluster_502_Sector001_macro	Zone004_Cluster_502_Sector001_connection_resourceextra_a
no_resource_profile	extensions/ego_dlc_pirate/maps/xu_ep2_universe/dlc_pirate_sectors.xml	Cluster_502_Sector001_macro	Zone004_Cluster_502_Sector001_connection_resourceextra_b
no_resource_profile	extensions/ego_dlc_pirate/maps/xu_ep2_universe/dlc_pirate_sectors.xml	Cluster_503_Sector001_macro	Zone002_Cluster_503_Sector001_connection_resourceextra_a
no_resource_profile	extensions/ego_dlc_pirate/maps/xu_ep2_universe/dlc_pirate_sectors.xml	Cluster_503_Sector001_macro	Zone002_Cluster_503_Sector001_connection_resourceextra_b
no_resource_profile	extensions/ego_dlc_pirate/maps/xu_ep2_universe/dlc_pirate_sectors.xml	Cluster_504_Sector001_macro	Zone005_Cluster_504_Sector001_connection_resourceextra_a
no_resource_profile	extensions/ego_dlc_pirate/maps/xu_ep2_universe/dlc_pirate_sectors.xml	Cluster_504_Sector001_macro	Zone005_Cluster_504_Sector001_connection_resourceextra_b
no_resource_profile	maps/xu_ep2_universe/sectors.xml	Cluster_50_Sector001_macro	Zone004_Cluster_50_Sector001_connection_resourceextra_a
no_resource_profile	maps/xu_ep2_universe/sectors.xml	Cluster_50_Sector001_macro	Zone004_Cluster_50_Sector001_connection_resourceextra_b
no_resource_profile	maps/xu_ep2_universe/sectors.xml	Cluster_50_Sector002_macro	Zone004_Cluster_50_Sector002_connection_resourceextra_a
no_resource_profile	maps/xu_ep2_universe/sectors.xml	Cluster_50_Sector002_macro	Zone004_Cluster_50_Sector002_connection_resourceextra_b
no_resource_profile	extensions/ego_dlc_boron/maps/xu_ep2_universe/dlc_boron_sectors.xml	Cluster_601_Sector001_macro	Zone004_Cluster_601_Sector001_connection_resourceextra_a
no_resource_profile	extensions/ego_dlc_boron/maps/xu_ep2_universe/dlc_boron_sectors.xml	Cluster_601_Sector001_macro	Zone004_Cluster_601_Sector001_connection_resourceextra_b
no_resource_profile	extensions/ego_dlc_boron/maps/xu_ep2_universe/dlc_boron_sectors.xml	Cluster_602_Sector001_macro	Zone002_Cluster_602_Sector001_connection_resourceextra_a
no_resource_profile	extensions/ego_dlc_boron/maps/xu_ep2_universe/dlc_boron_sectors.xml	Cluster_602_Sector001_macro	Zone002_Cluster_602_Sector001_connection_resourceextra_b
no_resource_profile	extensions/ego_dlc_boron/maps/xu_ep2_universe/dlc_boron_sectors.xml	Cluster_603_Sector001_macro	Zone003_Cluster_603_Sector001_connection_resourceextra_a
no_resource_profile	extensions/ego_dlc_boron/maps/xu_ep2_universe/dlc_boron_sectors.xml	Cluster_603_Sector001_macro	Zone003_Cluster_603_Sector001_connection_resourceextra_b
no_resource_profile	extensions/ego_dlc_boron/maps/xu_ep2_universe/dlc_boron_sectors.xml	Cluster_604_Sector001_macro	Zone004_Cluster_604_Sector001_connection_resourceextra_a
no_resource_profile	extensions/ego_dlc_boron/maps/xu_ep2_universe/dlc_boron_sectors.xml	Cluster_604_Sector001_macro	Zone004_Cluster_604_Sector001_connection_resourceextra_b
no_resource_profile	extensions/ego_dlc_boron/maps/xu_ep2_universe/dlc_boron_sectors.xml	Cluster_606_Sector001_macro	Zone005_Cluster_606_Sector001_connection_resourceextra_a
no_resource_profile	extensions/ego_dlc_boron/maps/xu_ep2_universe/dlc_boron_sectors.xml	Cluster_606_Sector001_macro	Zone005_Cluster_606_Sector001_connection_resourceextra_b
no_resource_profile	extensions/ego_dlc_boron/maps/xu_ep2_universe/dlc_boron_sectors.xml	Cluster_606_Sector002_macro	Zone004_Cluster_606_Sector002_connection_resourceextra_a
no_resource_profile	extensions/ego_dlc_boron/maps/xu_ep2_universe/dlc_boron_sectors.xml	Cluster_606_Sector002_macro	Zone004_Cluster_606_Sector002_connection_resourceextra_b
no_resource_profile	extensions/ego_dlc_boron/maps/xu_ep2_universe/dlc_boron_sectors.xml	Cluster_606_Sector003_macro	Zone002_Cluster_606_Sector003_connection_resourceextra_a
no_resource_profile	extensions/ego_dlc_boron/maps/xu_ep2_universe/dlc_boron_sectors.xml	Cluster_606_Sector003_macro	Zone002_Cluster_606_Sector003_connection_resourceextra_b
no_resource_profile	extensions/ego_dlc_boron/maps/xu_ep2_universe/dlc_boron_sectors.xml	Cluster_607_Sector001_macro	Zone001_Cluster_607_Sector001_connection_resourceextra_a
no_resource_profile	extensions/ego_dlc_boron/maps/xu_ep2_universe/dlc_boron_sectors.xml	Cluster_607_Sector001_macro	Zone001_Cluster_607_Sector001_connection_resourceextra_b
no_resource_profile	extensions/ego_dlc_boron/maps/xu_ep2_universe/dlc_boron_sectors.xml	Cluster_608_Sector001_macro	Zone001_Cluster_608_Sector001_connection_resourceextra_a
no_resource_profile	extensions/ego_dlc_boron/maps/xu_ep2_universe/dlc_boron_sectors.xml	Cluster_608_Sector001_macro	Zone001_Cluster_608_Sector001_connection_resourceextra_b
no_resource_profile	extensions/ego_dlc_boron/maps/xu_ep2_universe/dlc_boron_sectors.xml	Cluster_609_Sector001_macro	Zone001_Cluster_609_Sector001_connection_resourceextra_a
no_resource_profile	extensions/ego_dlc_boron/maps/xu_ep2_universe/dlc_boron_sectors.xml	Cluster_609_Sector001_macro	Zone001_Cluster_609_Sector001_connection_resourceextra_b
no_resource_profile	extensions/ego_dlc_timelines/maps/xu_ep2_universe/dlc7_sectors.xml	Cluster_701_Sector001_macro	Zone004_Cluster_701_Sector001_connection_resourceextra_a
no_resource_profile	extensions/ego_dlc_timelines/maps/xu_ep2_universe/dlc7_sectors.xml	Cluster_701_Sector001_macro	Zone004_Cluster_701_Sector001_connection_resourceextra_b
no_resource_profile	extensions/ego_dlc_timelines/maps/xu_ep2_universe/dlc7_sectors.xml	Cluster_702_Sector001_macro	Zone004_Cluster_702_Sector001_connection_resourceextra_a
no_resource_profile	extensions/ego_dlc_timelines/maps/xu_ep2_universe/dlc7_sectors.xml	Cluster_703_Sector001_macro	Zone004_Cluster_703_Sector001_connection_resourceextra_a
no_resource_profile	extensions/ego_dlc_timelines/maps/xu_ep2_universe/dlc7_sectors.xml	Cluster_704_Sector001_macro	Zone004_Cluster_704_Sector001_connection_resourceextra_a
no_resource_profile	extensions/ego_dlc_timelines/maps/xu_ep2_universe/dlc7_sectors.xml	Cluster_705_Sector001_macro	Zone004_Cluster_705_Sector001_connection_resourceextra_a
no_resource_profile	extensions/ego_dlc_timelines/maps/xu_ep2_universe/dlc7_sectors.xml	Cluster_706_Sector001_macro	Zone004_Cluster_706_Sector001_connection_resourceextra_a
no_resource_profile	extensions/ego_dlc_timelines/maps/xu_ep2_universe/dlc7_sectors.xml	Cluster_708_Sector001_macro	Zone004_Cluster_708_Sector001_connection_resourceextra_a
no_resource_profile	extensions/ego_dlc_mini_01/maps/xu_ep2_universe/dlc_mini_01_sectors.xml	Cluster_730_Sector001_macro	Zone004_Cluster_730_Sector001_connection_resourceextra_a
no_resource_profile	extensions/ego_dlc_mini_01/maps/xu_ep2_universe/dlc_mini_01_sectors.xml	Cluster_730_Sector001_macro	Zone004_Cluster_730_Sector001_connection_resourceextra_b
no_resource_profile	extensions/ego_dlc_mini_02/maps/xu_ep2_universe/dlc_mini_02_sectors.xml	Cluster_740_Sector001_macro	Zone004_Cluster_740_Sector001_connection_resourceextra_a
ore	maps/xu_ep2_universe/sectors.xml	Cluster_01_Sector001_macro	Zone005_Cluster_01_Sector01_connection_resourceextra_a
ore	maps/xu_ep2_universe/sectors.xml	Cluster_13_Sector001_macro	Zone002_Cluster_13_Sector001_connection_resourceextra_a
